﻿iD,name,districtType,yiZiQiao,yiZiQiaoYouXi,quanQiuRenType,zhaNiaoTypeList,severalNiaoTypeList,timesLimitList,mengQing,mengQingJiangJiangJiePao,bankerModeList,diHu,baoTing,yiTiaoLong,jiangJianghu,feng,shiSanLan,hunYiSe,pingHuJiePao,feiBao,jiaZhang,lai,fixLai,chi,mingGangSuanJieGang,rightNowZhuaCanMingGang,jiePaoJiangNiao,roundDoubleHu,jiangJiangHuJiePao,pinghuBaoTingJiePao,baoTingOverJiePaoNextNot,haiDi,numTypeList
Int,String,Int,Boolean,Int,Int,String,String,String,Int,Int,String,Int,Int,Boolean,Boolean,Boolean,Boolean,Boolean,Boolean,Boolean,Boolean,Boolean,Boolean,Boolean,Boolean,Boolean,Boolean,Boolean,Boolean,Boolean,Boolean,Boolean,String
1,沅江麻将,1,True,2,2,1,1,1#2,2,2,1#2,0,1,True,True,False,False,False,False,False,False,False,False,False,False,True,True,True,False,True,True,True,2#3#4
2,益阳麻将,3,True,0,2,1#2,1#2#3,1#2,2,2,1#2,2,2,False,True,False,False,False,False,False,False,False,False,False,False,True,True,True,False,True,True,True,2#3#4
3,鹰潭飞宝麻将,2,True,0,3,,0,3#4#5,0,0,1#2,1,0,False,False,True,True,True,True,True,False,False,False,True,True,False,False,True,False,False,False,False,2#3#4
4,鹰潭夹张,2,True,0,3,,0,3#4#5,0,0,1#2,1,0,False,False,True,True,True,False,False,True,False,False,True,True,False,False,True,False,False,False,False,2#3#4
5,转转麻将,4,False,0,0,2,2#4#6,2,0,0,1#2,0,0,False,False,False,False,False,True,False,False,False,False,False,False,True,False,True,False,False,False,False,2#3#4
6,红中麻将,5,False,0,0,2,2#4#6,2,0,0,1#2,0,0,False,False,False,False,False,True,False,False,False,False,False,False,True,False,True,False,False,False,False,2#3#4
