﻿shopId,rmb,pics,name,place,kind,feture,startSeal,maxSeal,detail
Int,String,String,String,String,String,String,int,int,String
1,0.25,11;12;13,四季桂花,湖南 郴州 苏仙 桥口镇,绿化苗木  常绿乔木 桂花,高度:30厘米 冠幅:15厘米,10000,10000,
2,1200,21;22;23,成都桂花,四川 成都 温江 万春镇,绿化苗木  常绿乔木 桂花,高度:500厘米 米径:12厘米 地径:12厘米 冠幅:300厘米,10,20000,
3,800,31.gif;32.gif;33.gif,八月桂,浙江 湖州 长兴 雉城街道,绿化苗木  常绿乔木 桂花,高度:400厘米 米径:13厘米,10,30000,
,,,,,,,,,
