<?xml version="1.0" encoding="UTF-8"?>
<!DOCTYPE sqlMap PUBLIC "-//ibatis.apache.org//DTD SQL Map 2.0//EN" "http://ibatis.apache.org/dtd/sql-map-2.dtd">
<sqlMap namespace="AnnouncementBean">
	<resultMap class="com.wk.gm.bean.AnnouncementBean" id="AnnouncementBean">
		<result property="id" column="id" javaType="java.lang.Integer"
			jdbcType="INT" />
		<result property="title" column="title" javaType="java.lang.String"
			jdbcType="VARCHAR" />	
		<result property="content" column="content" javaType="java.lang.String"
			jdbcType="TEXT" />
	</resultMap>

	<parameterMap class="com.wk.gm.bean.AnnouncementBean" id="AnnouncementBeanParameter">
		<parameter property="id" javaType="java.lang.Integer"
			jdbcType="INT" />
		<parameter property="title" javaType="java.lang.String"
			jdbcType="VARCHAR" />	
		<parameter property="content"  javaType="java.lang.String"
			jdbcType="TEXT" />
	</parameterMap>
	
	
	<!-- 查询所有公告 -->
	<select id="queryAnnouncementBean" resultMap="AnnouncementBean">
		<![CDATA[SELECT * from announcement]]>
	</select>
</sqlMap>

