<?xml version="1.0" encoding="UTF-8"?>
<!DOCTYPE sqlMap PUBLIC "-//ibatis.apache.org//DTD SQL Map 2.0//EN" "http://ibatis.apache.org/dtd/sql-map-2.dtd">
<sqlMap namespace="charge">
	<update id="createCharge">
		<![CDATA[
		DROP TABLE IF EXISTS `charge`;
		/*!40101 SET @saved_cs_client     = @@character_set_client */;
		/*!40101 SET character_set_client = utf8 */;
		CREATE TABLE `charge` (
		  `orderId` varchar(128) CHARACTER SET utf8 COLLATE utf8_bin NOT NULL COMMENT '订单号',
		  `username` bigint(20) NOT NULL COMMENT '玩家唯一id',
		  `agency` int(11) NOT NULL COMMENT '代理邀请码',
		  `diamond` int(11) DEFAULT NULL COMMENT '充值钻石数',
		  `money` varchar(256) DEFAULT NULL COMMENT '金额',
		  `apple_receipt` varchar(256) DEFAULT NULL,
		  `status` int(11) DEFAULT NULL COMMENT '状态0待处理1处理',
		  `chargeTime` datetime NOT NULL COMMENT '充值时间',
		  `updateTime` timestamp NULL DEFAULT '0000-00-00 00:00:00' ON UPDATE CURRENT_TIMESTAMP COMMENT '更新时间',
		  PRIMARY KEY (`orderId`),
		  KEY `apple_receipt` (`apple_receipt`(255))
		) ENGINE=InnoDB DEFAULT CHARSET=utf8;
		/*!40101 SET character_set_client = @saved_cs_client */;
		]]>
	</update>
	<parameterMap class="java.util.Map" id="updateStatusParams">
		<parameter property="apple_receipt" javaType="java.lang.String"
			jdbcType="VARCHAR" />
		<parameter property="orderId" javaType="java.lang.String"
			jdbcType="VARCHAR" />
	</parameterMap>
	<!-- 更新状态 -->
	<update id="updateStatus" parameterMap="updateStatusParams">
	<![CDATA[
		Update charge set status = 1 , apple_receipt = ? WHERE `orderId` = ? and status = 0;
	]]>
	</update>
	<resultMap class="com.wk.bean.ChargeBean" id="Charge">
		<result property="orderId" column="orderId" javaType="java.lang.String"
			jdbcType="VARCHAR" />
		<result property="username" column="username" javaType="java.lang.Long"
			jdbcType="BIGINT" />
		<result property="agency" column="agency" javaType="java.lang.Integer"
			jdbcType="INT" />	
		<result property="diamond" column="diamond" javaType="java.lang.Integer"
			jdbcType="INT" />
		<result property="money" column="money" javaType="java.lang.String"
			jdbcType="VARCHAR" />
		<result property="apple_receipt" column="apple_receipt"
			javaType="java.lang.String" jdbcType="VARCHAR" />
		<result property="status" column="status" javaType="java.lang.Integer"
			jdbcType="INT" />
		<result property="chargeTime" column="chargeTime" javaType="java.util.Date"
			jdbcType="DATETIME" />
		<result property="updateTime" column="updateTime" javaType="java.sql.Timestamp"
			jdbcType="TIMESTAMP" />
	</resultMap>
	
		<resultMap class="com.wk.bean.ChargeBean" id="ChargeT">
		<result property="username" column="username" javaType="java.lang.Long"
			jdbcType="BIGINT" />
		<result property="agency" column="agency" javaType="java.lang.Integer"
			jdbcType="INT" />	
		<result property="diamond" column="diamond" javaType="java.lang.Integer"
			jdbcType="INT" />
		<result property="money" column="money" javaType="java.lang.String"
			jdbcType="VARCHAR" />	
		<result property="chargeTime" column="chargeTime" javaType="java.util.Date"
			jdbcType="DATETIME" />

	</resultMap>
	
	<select id="queryCharge" parameterClass="java.lang.String"
		resultMap="Charge">
	<![CDATA[
		select * from charge WHERE `orderId` = #codes#;
	]]>
	</select>
	<select id="queryApple_receipt" parameterClass="java.lang.String"
		resultMap="Charge">
	<![CDATA[
		select * from charge WHERE `apple_receipt` = #codes#;
	]]>
	</select>
	<parameterMap class="com.wk.bean.ChargeBean" id="ChargeParameter">
		<parameter property="orderId" javaType="java.lang.String"
			jdbcType="VARCHAR" />
		<parameter property="username" javaType="java.lang.Long"
			jdbcType="BIGINT" />
		<parameter property="agency" javaType="java.lang.Integer"
			jdbcType="INT" />	
		<parameter property="diamond" javaType="java.lang.Integer"
			jdbcType="INT" />
		<parameter property="money" javaType="java.lang.String"
			jdbcType="VARCHAR" />
		<parameter property="apple_receipt" javaType="java.lang.String"
			jdbcType="VARCHAR" />
		<parameter property="status" javaType="java.lang.Integer"
			jdbcType="INT" />
		<parameter property="chargeTime" javaType="java.util.Date"
			jdbcType="DATETIME" />
		<parameter property="updateTime" javaType="java.sql.Timestamp"
			jdbcType="TIMESTAMP" />
	</parameterMap>
	<insert id="insertCharge" parameterMap="ChargeParameter">
	<![CDATA[
		insert into charge values(?,?,?,?,?,?,?,?,?)
	]]>
	</insert>
	
	<!-- 查询时间段订单按照代理邀请码分类 -->
	<select id="queryCharges" parameterClass="java.util.Map" resultMap="ChargeT">
		<![CDATA[
			SELECT username,agency,sum(diamond) as diamond,sum(money) as money,chargeTime FROM charge
			WHERE status = #status# AND date(chargeTime) BETWEEN #startTime# AND #endTime# 
			GROUP BY agency
		]]>
	</select>
	
	<!-- 按时间段和代理邀请码查询充值记录 -->
	<select id="queryPlayerCharges" parameterClass="java.util.Map" resultMap="ChargeT">
		<![CDATA[select * from charge where status=1]]>
		<isNotEqual prepend="and" property="uid" compareValue="0">
			<![CDATA[username=#uid#]]>
		</isNotEqual>
		<isNotEqual prepend="and" property="agency" compareValue="0">
			<![CDATA[agency=#agency#]]>
		</isNotEqual>
		<isNotNull prepend="and" property="beginTime">
			<![CDATA[chargeTime>=#beginTime#]]>
		</isNotNull>
		<isNotNull prepend="and" property="endTime">
			<![CDATA[chargeTime<=#endTime#]]>
		</isNotNull>
	</select>
	
	<resultMap class="com.wk.bean.ChargeBean" id="diamondOrMoney">
		<result property="diamond" column="diamond" javaType="java.lang.Integer"
			jdbcType="INT" nullValue="0"/>
		<result property="money" column="money" javaType="java.lang.String"
			jdbcType="VARCHAR" nullValue="0"/>
	</resultMap>
	<!-- 按时间查询钻石量 -->
	<select id="queryDiamondCount" parameterClass="java.util.Map" resultMap="diamondOrMoney">
		<![CDATA[
			select sum(diamond) as diamond,sum(money) as money from charge where status=#status# and agency=#agency# and DATE(chargeTime)>= #startTime# and DATE(chargeTime)<=#endTime#
		]]>
	</select>
</sqlMap>

